Mono LYs,Mono Cost,Comb LYs,Comb Cost,Diff LYG,Diff incCost,ICER
8.5794212,30445.46,9.582938995,35656.09,1.003517795,5210.62,5192.358121
8.35,32188,9.29,37210,0.95,5022,5301.35
8.21,26202,8.98,33423,0.76,7221,9440.15
8.8,47358,9.81,53127,1,5769,5744.259409
8.68,113666,9.68,120054,1,6388,6389.097064
8.66,74702,9.7,81355,1.04,6653,6392.624986
8.66,53738,9.77,58164,1.11,4426,3994.719593
8.56,23931,9.5,30689,0.94,6758,7172.362209
8.64,35986,9.58,43387,0.94,7401,7911.346126
8.73,53507,9.65,57700,0.93,4194,4532.492365
8.57,38801,9.37,43305,0.8,4504,5624.510108
8.55,65051,9.44,71901,0.89,6850,7661.375273
8.42,38485,9.34,44909,0.92,6424,6994.758314
8.17,36186,9.33,43652,1.16,7465,6443.136695
8.44,39780,9.06,45048,0.63,5268,8415.490257
8.69,37078,9.69,42954,1,5877,5867.107527
8.28,41831,9.24,46883,0.97,5052,5233.06391
8.75,31581,9.59,37162,0.84,5581,6622.541882
8.66,25536,9.55,31251,0.89,5715,6437.612983
8.31,65252,9.31,68164,1,2912,2911.766414
8.52,56542,9.16,62264,0.64,5722,8913.801308
8.32,34931,9.13,40227,0.81,5296,6520.597363
8.34,34088,9.39,39910,1.04,5822,5578.340444
8.43,65514,9.48,70483,1.05,4968,4729.782693
8.93,33639,9.83,42194,0.9,8556,9504.301977
8.86,66299,9.83,72255,0.97,5956,6146.588061
8.74,91722,9.64,95090,0.89,3368,3765.76602
8.21,55325,9,60429,0.79,5104,6489.778374
8.38,52776,9.4,60976,1.02,8200,8057.35546
8.62,56086,9.57,67248,0.95,11162,11811.25017
8.41,23314,9.5,29485,1.09,6171,5670.353086
8.31,93646,9.52,98284,1.2,4637,3849.923114
8.46,24440,9.39,29048,0.93,4608,4950.39429
8.66,54914,9.64,58945,0.98,4031,4122.370475
8.64,83345,9.64,87154,1,3809,3821.724085
8.26,20248,8.89,25511,0.63,5263,8336.515228
8.28,68409,9.02,71537,0.75,3128,4198.215337
8.25,34067,9.16,38824,0.91,4757,5253.411175
8.83,33753,9.67,40508,0.84,6755,8011.172733
8.87,45784,9.87,51390,0.99,5607,5638.448818
8.26,37520,9.35,45613,1.09,8094,7453.423065
8.54,26672,9.58,33614,1.04,6942,6658.135907
8.42,32819,9.49,37592,1.06,4774,4499.134333
8.43,75798,9.33,80494,0.9,4697,5201.390732
8.51,38075,9.28,43596,0.78,5521,7122.874494
8.31,36931,9.5,42743,1.19,5812,4876.858193
8.35,50899,9.35,54932,1,4034,4023.805442
8.54,34567,9.46,39282,0.92,4715,5129.919089
8.68,71934,9.53,75567,0.86,3634,4249.610465
8.38,56727,8.84,62397,0.45,5670,12462.7631
8.6,35896,9.6,43325,1,7429,7434.229976
8.38,35358,9.68,44705,1.3,9347,7200.266514
8.44,29147,9.49,37449,1.04,8301,7952.9198
8.76,26578,9.73,32987,0.98,6409,6556.010328
8.36,112577,9.44,116714,1.08,4138,3827.481732
8.29,41720,9.19,46623,0.9,4903,5443.137027
8.38,26276,9.55,33290,1.17,7013,6012.291712
8.6,32096,9.36,37589,0.77,5492,7139.430982
8.32,26650,9.11,31840,0.79,5191,6533.022468
8.65,62355,9.64,69033,0.99,6678,6739.577098
8.58,33984,9.4,39217,0.81,5233,6430.554141
8.1,74156,9.03,78913,0.92,4757,5167.152795
8.37,26440,9.42,33702,1.05,7263,6904.27616
8.36,34929,9.37,40556,1.01,5626,5573.823787
8.31,45397,9.51,55175,1.19,9778,8202.449279
8.47,44253,9.42,50184,0.95,5931,6268.396547
8.74,76940,9.91,82304,1.17,5364,4602.761381
8.38,60495,9.52,63309,1.14,2814,2471.876679
8.83,44540,9.68,49586,0.84,5046,5973.696879
8.4,30916,9.09,36049,0.69,5134,7414.062825
8.26,30833,9.49,38848,1.23,8015,6541.740092
8.22,107033,9.3,108956,1.07,1923,1793.977058
8.95,44098,10.04,49807,1.09,5708,5224.207019
8.65,51810,9.75,55937,1.09,4128,3769.477755
8.55,61376,9.49,64814,0.94,3438,3660.149219
8.35,57216,9.12,70345,0.77,13129,16972.62138
8.53,30440,9.74,37962,1.21,7523,6229.749342
8.9,73256,9.9,75354,1,2098,2105.755358
8.84,81398,10.12,89313,1.29,7915,6150.607183
8.57,42193,9.66,48777,1.08,6584,6088.493293
8.58,50468,9.31,54922,0.73,4454,6090.582267
8.44,47595,9.58,52505,1.14,4910,4299.749596
8.45,23605,9.41,30213,0.96,6607,6894.101671
8.6,41932,9.42,49008,0.81,7076,8711.266189
8.47,48593,8.97,53673,0.49,5080,10316.17458
8.26,76690,9.05,82924,0.79,6234,7869.832914
8.5,42254,9.53,47314,1.02,5060,4949.493389
8.24,49857,9.15,53797,0.91,3940,4319.858777
8.56,32542,9.46,37100,0.9,4558,5084.068203
8.45,67020,9.22,72426,0.77,5406,7047.4081
8.62,52759,9.68,56204,1.06,3445,3261.818576
8.75,31153,9.41,35937,0.65,4784,7305.940637
8.27,37762,9.14,46474,0.87,8712,10060.60441
8.62,46545,9.7,52903,1.09,6358,5851.727982
8.56,24115,9.28,30103,0.72,5988,8271.551092
8.28,52430,9.3,57924,1.02,5494,5398.198376
8.27,26042,9.18,32570,0.91,6528,7150.231396
8.84,26929,9.68,33774,0.84,6845,8151.732244
8.29,63773,9.53,68667,1.24,4894,3949.116594
8.67,39379,9.37,44626,0.69,5247,7574.593941
8.73,59425,9.83,63891,1.11,4465,4027.405958
8.38,67551,9.51,77709,1.13,10157,9014.427852
8.4,29541,9.43,37756,1.04,8215,7928.144409
8.45,46088,9.25,55731,0.8,9643,12032.20637
8.67,24731,9.72,33059,1.05,8328,7940.958241
8.57,34807,9.36,40500,0.79,5693,7209.54871
8.44,30897,9.36,37615,0.91,6718,7348.222484
8.39,83710,9.14,86141,0.75,2431,3244.950567
8.69,55188,9.53,63194,0.84,8006,9490.627968
8.2,37099,8.87,42387,0.67,5288,7892.411311
8.66,45859,9.64,50440,0.99,4581,4645.289672
8.35,42937,9.42,51195,1.07,8258,7721.439953
8.21,29509,8.92,34955,0.72,5446,7592.529654
8.61,46436,9.37,51815,0.77,5378,7010.575002
8.56,52943,9.69,60126,1.13,7183,6370.835303
8.5,64149,9.4,72433,0.9,8284,9169.593935
8.27,46186,9.17,54144,0.9,7959,8846.783353
8.59,45644,9.36,50754,0.77,5110,6669.529523
8.29,61464,9.4,68201,1.1,6737,6103.416983
8.56,50771,9.45,56223,0.89,5452,6113.390667
8.46,44837,9.68,49963,1.23,5126,4183.973808
8.41,36594,9.37,41360,0.96,4766,4949.527882
8.36,37566,9.15,45816,0.79,8250,10479.8091
8.65,46236,9.83,50532,1.17,4296,3661.375554
8.52,23995,9.63,29963,1.11,5968,5398.400095
8.78,31991,9.56,37463,0.78,5471,6989.883897
8.64,35589,9.51,40046,0.87,4457,5113.416639
8.33,71301,9.1,75590,0.77,4289,5543.293435
8.41,50268,9.52,56102,1.11,5834,5271.46895
8.78,64801,9.95,70432,1.16,5632,4849.581233
8.52,27348,9.62,32893,1.1,5545,5042.647042
8.65,44275,9.79,52259,1.14,7983,6995.419293
8.29,49724,9.14,54777,0.85,5053,5971.191781
8.63,30693,9.84,37299,1.21,6606,5447.983329
8.73,56034,9.7,63034,0.97,7000,7251.029645
8.67,51592,9.83,63708,1.16,12115,10422.87202
8.37,37717,9.36,43418,0.99,5701,5767.877424
8.71,31907,9.54,38184,0.83,6277,7549.168204
8.21,32226,9.11,39789,0.9,7564,8441.383993
8.59,25657,9.68,30919,1.09,5262,4819.053505
8.22,58747,9.28,63844,1.07,5098,4776.256368
8.38,22538,9.37,27746,0.99,5208,5264.617714
8.54,40915,9.53,45511,0.99,4596,4632.387445
8.32,46351,9.3,51427,0.97,5077,5224.091799
8.24,41104,9.33,48348,1.09,7244,6629.188747
8.25,21528,8.92,27430,0.67,5902,8851.715476
8.58,48084,9.7,52116,1.12,4032,3608.112982
8.48,23125,9.36,29767,0.88,6642,7518.725642
8.5,124183,9.54,127410,1.04,3227,3099.116833
8.85,38810,9.84,46408,0.98,7597,7713.185155
8.68,45112,9.53,53544,0.85,8432,9880.581968
8.51,106186,9.43,109917,0.91,3731,4086.717783
8.34,25417,9.42,30420,1.08,5003,4616.99957
8.51,51445,9.59,55476,1.08,4032,3744.296111
8.5,35467,9.44,44675,0.95,9209,9739.814331
8.44,33553,9.44,39408,1.01,5855,5823.912594
8.76,29985,9.55,34595,0.79,4610,5825.347014
8.73,29148,9.71,37213,0.98,8065,8206.975249
8.12,40053,8.75,44123,0.62,4070,6519.819291
8.49,38647,9.46,46019,0.97,7372,7634.450297
8.12,48255,8.86,57394,0.74,9139,12366.54521
8.56,31607,9.48,37815,0.92,6208,6716.85421
8.55,23333,9.25,28758,0.7,5425,7775.548288
8.65,67015,9.39,71075,0.74,4061,5489.219665
8.14,56084,9.23,59855,1.09,3770,3462.758358
8.48,31779,9.61,36665,1.13,4886,4315.42973
8.54,83459,9.46,88363,0.92,4903,5315.47879
8.11,38713,9.09,44088,0.98,5375,5484.776784
8.71,22380,9.2,27263,0.49,4883,9875.149762
8.65,47118,9.26,52843,0.61,5725,9379.896071
8.58,75204,9.32,78826,0.74,3622,4873.175894
8.35,83357,9.41,86555,1.06,3197,3023.304573
8.57,32718,9.64,37739,1.07,5021,4710.012048
8.47,75542,9.24,78985,0.76,3443,4503.074425
8.28,39310,9.37,46325,1.08,7014,6469.372655
8.44,75700,9.37,82142,0.93,6442,6909.170383
8.5,44703,9.72,51239,1.22,6535,5354.748531
8.65,37347,9.4,41671,0.75,4325,5768.049394
8.63,49061,9.47,55584,0.84,6523,7785.627535
8.18,48445,8.89,54489,0.71,6044,8513.689248
8.54,27679,9.75,33886,1.22,6207,5107.846381
8.31,69664,9.06,73162,0.74,3498,4713.025469
8.7,43303,9.51,48273,0.81,4970,6169.469161
8.5,32906,9.49,41101,0.99,8195,8275.493647
8.8,28608,9.52,33525,0.72,4917,6852.081646
8.43,73301,9.09,76774,0.66,3473,5277.178333
8.44,33303,9.28,39673,0.84,6370,7546.956463
8.27,32095,9.26,37436,1,5340,5346.754082
7.98,19613,8.66,24726,0.67,5113,7606.963497
8.82,36374,9.5,41975,0.68,5600,8188.815707
8.52,107956,9.45,110360,0.93,2404,2588.784477
8.44,35677,9.61,42497,1.17,6820,5812.410456
8.52,57879,9.53,63105,1,5225,5204.4338
8.61,39098,9.24,43615,0.63,4518,7193.869329
8.13,26461,8.89,32149,0.75,5688,7541.971855
8.5,33847,9.69,39078,1.19,5231,4397.982507
8.89,57192,9.77,64345,0.88,7152,8132.131141
8.48,34916,9.48,42822,1,7906,7928.791163
8.32,72839,9.09,76606,0.77,3767,4915.364254
8.42,55380,9.33,59528,0.92,4148,4527.145456
8.42,32046,9.3,38199,0.88,6154,7016.566629
8.45,22193,9.02,27072,0.58,4879,8453.39332
8.57,66219,9.3,69909,0.74,3690,5001.487358
8.7,31645,9.74,37544,1.04,5899,5651.833608
8.24,41067,9.28,46741,1.05,5674,5426.732811
8.29,29794,9.3,38140,1.01,8345,8292.132685
8.5,50609,9.3,58682,0.8,8073,10087.91924
8.57,79684,9.44,82996,0.87,3312,3800.310445
8.45,19229,9.17,24132,0.72,4903,6844.625799
8.65,66014,9.55,69031,0.9,3017,3354.73865
8.47,26296,9.32,32983,0.85,6688,7832.208308
8.36,27791,9.43,33540,1.07,5749,5370.867134
8.83,26910,9.92,33496,1.08,6586,6093.633797
8.39,64849,8.98,69120,0.59,4271,7186.824956
8.64,39314,9.8,44571,1.16,5257,4549.228957
8.68,49489,9.57,53180,0.9,3691,4113.708444
8.22,96909,9.39,100477,1.17,3568,3039.413364
8.54,24851,9.46,31686,0.92,6835,7448.912957
8.48,38732,9.62,43198,1.13,4466,3944.738557
8.92,62642,9.99,69354,1.07,6712,6245.423885
8.92,26237,9.75,32023,0.83,5786,7011.976318
8.89,42362,10.04,47923,1.15,5561,4854.234366
8.42,28085,9.77,36516,1.35,8431,6236.448802
8.89,42021,9.88,47442,0.99,5421,5457.10926
8.83,50286,9.66,56197,0.83,5911,7100.49936
8.35,43772,8.96,49385,0.61,5613,9149.45025
8.54,25741,9.25,31307,0.71,5566,7804.814872
8.97,24676,10.12,29654,1.15,4978,4330.656895
8.44,42809,9.46,47659,1.02,4849,4753.583899
8.31,55786,9.37,62097,1.06,6311,5941.304564
8.47,52787,9.34,56568,0.87,3780,4339.016018
8,36209,8.97,41811,0.98,5602,5726.490697
8.72,33426,9.43,40182,0.71,6757,9507.58754
8.33,44865,9.51,50965,1.17,6100,5199.379634
8.48,30537,9.49,37551,1.01,7014,6944.700403
8.5,33565,9.49,41618,1,8052,8069.777144
8.82,76016,10.03,78237,1.21,2221,1840.312935
8.47,32371,9.47,38196,1,5825,5822.254862
8.48,24626,9.67,31381,1.2,6755,5642.945808
8.34,42553,9.3,50586,0.96,8033,8362.149962
8.43,49111,9.47,59850,1.04,10739,10354.89495
8.41,67280,9.73,69940,1.32,2660,2009.955778
8.58,77759,9.62,84602,1.04,6843,6583.77948
8.84,33983,9.98,43920,1.14,9938,8718.292422
8.55,37866,9.45,43629,0.89,5763,6444.132774
8.41,42722,9.31,47604,0.89,4882,5455.805292
8.84,62899,10.07,68375,1.24,5476,4431.728969
8.2,34315,8.89,39595,0.69,5280,7614.07174
8.59,85967,9.46,89766,0.87,3798,4341.609762
8.61,44824,9.2,48975,0.6,4152,6967.309358
8.99,38253,9.96,44110,0.97,5858,6051.15548
8.63,46864,9.7,58628,1.07,11764,10969.29206
8.75,60321,9.72,68207,0.97,7886,8166.081274
8.63,48743,9.53,52852,0.9,4110,4586.239883
8.68,31339,9.48,36136,0.8,4797,5987.615126
8.21,22495,9.11,28076,0.9,5582,6179.632369
8.63,35896,9.08,41553,0.45,5656,12689.73303
8.6,63037,9.67,69885,1.07,6848,6392.160207
8.38,36004,9,40127,0.61,4123,6734.724366
8.44,63456,9.36,68720,0.93,5265,5682.130732
8.33,32759,9.42,38849,1.09,6090,5567.843249
8.5,36601,9.57,45713,1.07,9112,8498.302071
8.3,57158,9.39,60282,1.09,3124,2868.224365
8.63,45578,9.42,50236,0.79,4658,5893.273351
8.43,31422,9.39,38413,0.96,6991,7257.433529
9.21,47595,10.01,52185,0.8,4590,5757.547575
8.63,86433,9.71,90231,1.08,3798,3517.91111
8.57,69383,9.64,72657,1.07,3274,3051.553252
8.37,29312,9.13,35578,0.76,6267,8232.810576
8.72,26813,9.63,33432,0.91,6619,7287.265438
8.41,39804,9.33,46259,0.92,6455,7017.625849
8.83,31124,9.95,39268,1.12,8144,7245.502454
8.43,47233,9.29,52608,0.86,5375,6264.646254
8.35,44365,9.34,53058,0.98,8693,8849.390003
8.22,49450,9.29,54680,1.06,5230,4918.083793
8.69,25712,9.43,30843,0.75,5131,6874.927865
8.68,27403,9.68,33010,1,5607,5622.544217
8.62,78902,9.67,82017,1.05,3115,2968.26997
8.32,30748,9.11,36655,0.79,5907,7477.634478
8.28,41963,9.3,47126,1.02,5164,5058.405725
8.55,34708,9.26,40980,0.71,6272,8818.987594
8.78,37329,9.66,42091,0.88,4762,5417.52642
8.31,29661,9.13,35092,0.81,5431,6680.793535
8.36,81788,9.18,84853,0.82,3065,3743.454326
8.62,36276,9.5,42102,0.88,5827,6588.404348
8.32,58061,9.13,64154,0.81,6093,7502.30205
8.56,52659,9.46,56646,0.9,3987,4423.232837
8.16,54237,8.79,61494,0.63,7257,11460.88977
8.6,49892,9.51,53716,0.91,3824,4191.874326
8.6,57993,9.76,61416,1.17,3423,2936.207904
8.52,39858,9.44,46553,0.92,6695,7289.438881
8.45,47503,9.53,52150,1.08,4647,4318.996837
8.4,32693,9.24,41572,0.84,8879,10562.79854
8.49,30939,9.25,37627,0.76,6688,8785.624433
8.4,119642,9.34,122337,0.94,2695,2874.49627
8.76,38991,9.77,45120,1.01,6129,6065.598906
8.75,67109,9.52,71032,0.77,3924,5089.316722
8.46,31114,9.52,40040,1.06,8926,8389.8405
8.26,52764,9.37,59496,1.11,6732,6045.37886
8.34,33290,9.34,41920,1.01,8630,8579.873811
8.35,34956,9.6,47684,1.25,12729,10223.10577
8.41,49699,9.5,56213,1.08,6514,6007.58549
8.52,44265,9.52,52624,1,8359,8370.749226
8.31,26407,8.93,32418,0.62,6012,9679.99395
8.72,24724,9.64,29887,0.92,5163,5602.210224
8.82,29546,9.7,35320,0.88,5774,6534.80753
8.41,26329,9.31,33683,0.89,7354,8250.170958
8.44,36357,9.43,44408,0.99,8051,8102.024717
8.3,31441,9.32,38609,1.02,7167,7033.473181
8.37,49371,9.57,53084,1.2,3712,3097.830648
8.2,38312,9.12,45894,0.92,7582,8262.803848
8.75,22810,9.82,29654,1.07,6844,6403.234202
8.46,41275,9.28,47311,0.82,6036,7339.839417
8.68,44802,9.44,53914,0.76,9113,11937.96919
8.74,116203,9.54,118028,0.8,1825,2270.172567
8.56,36368,9.44,42117,0.87,5749,6585.117406
8.35,63079,9.37,67031,1.01,3952,3894.415804
8.7,51653,9.3,61099,0.6,9446,15629.84289
8.22,29062,9.11,34191,0.89,5129,5779.08253
8.71,37875,9.67,46890,0.97,9016,9335.586116
8.54,45621,9.46,51776,0.92,6155,6720.225311
8.28,22401,9.05,28117,0.77,5716,7387.542419
8.35,66193,9.44,72953,1.09,6761,6189.389487
8.53,68881,9.75,73064,1.22,4183,3424.061684
8.48,40796,9.17,46484,0.69,5688,8274.701592
8.51,42392,9.55,46600,1.05,4208,4026.127022
8.24,50046,9.31,54386,1.07,4340,4052.982996
8.57,48610,9.74,52386,1.18,3776,3211.297717
8.25,71080,9.15,76434,0.9,5354,5945.7333
8.45,26391,9.27,33030,0.82,6639,8127.520224
8.27,48732,9.25,55423,0.98,6691,6828.264796
8.37,32567,9.13,38566,0.76,6000,7899.651674
8.48,26653,9.2,32035,0.72,5382,7470.848955
8.45,33963,9.6,39065,1.15,5102,4442.172517
8.23,36276,8.82,41270,0.59,4994,8397.452987
7.78,40390,9.05,46273,1.27,5883,4624.689756
8.38,34915,9.3,41459,0.92,6544,7082.602233
8.57,56669,9.69,60506,1.12,3837,3413.690523
8.27,66989,9.46,79268,1.19,12280,10288.038
8.24,71549,9.01,76349,0.77,4800,6196.495849
8.88,76827,9.91,84076,1.03,7250,7044.293889
8.3,35983,9.13,41744,0.83,5761,6940.692583
8.74,94701,9.5,97575,0.76,2874,3780.785526
8.72,49161,9.55,53472,0.84,4311,5142.636199
8.39,38616,9.13,43580,0.74,4964,6706.317312
8.59,32410,9.09,37597,0.5,5187,10329.24813
8.5,40463,9.37,46759,0.87,6295,7255.4545
8.46,36203,9.5,43050,1.05,6847,6537.991571
8.31,33915,8.94,40996,0.63,7081,11271.745
8.47,45194,9.66,58563,1.19,13369,11213.47444
8.16,27418,8.98,34660,0.82,7242,8857.622179
8.26,31996,9.26,37620,1.01,5624,5594.84996
8.41,28711,9.34,35697,0.93,6986,7528.186419
8.49,74793,9.38,80692,0.89,5899,6605.417214
8.52,36569,9.41,45631,0.89,9062,10203.06671
8.52,29928,9.48,36630,0.96,6702,6972.993179
8.72,51749,9.84,57427,1.12,5678,5079.232177
8.39,29275,9.18,35173,0.8,5898,7394.686169
8.69,26385,9.49,32000,0.8,5615,7002.885447
8.45,25902,9.4,32083,0.95,6181,6505.311385
8.7,43978,9.6,48964,0.9,4986,5556.788143
8.67,30765,9.58,36219,0.9,5454,6037.925649
8.44,53827,9.53,62232,1.1,8405,7668.805482
8.96,24619,9.68,30753,0.72,6134,8469.635062
8.34,47875,9.46,53570,1.12,5694,5105.069466
8.63,37599,9.45,42279,0.82,4680,5713.601463
8.76,56678,9.59,60085,0.83,3407,4122.174629
8.64,32811,9.64,41277,1,8465,8454.184144
8.52,20897,9.53,26969,1.01,6072,6002.910348
8.69,51528,9.45,57149,0.76,5621,7386.011385
8.42,33439,9.36,38925,0.94,5486,5836.072059
8.67,51222,9.42,57870,0.75,6648,8894.242668
8.66,95629,9.46,98925,0.8,3296,4124.188706
8.32,39031,9.46,45792,1.15,6761,5889.108225
8.48,31412,9.47,40292,0.99,8879,8968.542884
8.36,30900,9.51,36503,1.15,5603,4875.05469
8.48,59275,9.29,63474,0.82,4199,5136.172559
8.23,28504,9.3,33427,1.07,4923,4588.516771
8.55,41150,9.78,46548,1.22,5398,4415.024176
8.24,45000,9.21,49961,0.97,4962,5121.585155
8.41,45999,9.09,51132,0.68,5133,7582.66082
8.5,35481,9.16,41692,0.66,6211,9347.866337
8.57,58315,9.81,65665,1.24,7350,5944.671167
8.74,42785,9.76,47135,1.03,4349,4239.047958
8.48,33760,9.36,40595,0.88,6835,7762.035055
8.39,33264,9.05,38327,0.66,5063,7718.083837
8.59,57636,9.68,67333,1.09,9698,8867.962766
7.96,30566,8.72,36038,0.76,5472,7235.407602
8.37,45794,9.28,50690,0.91,4895,5367.70846
8.43,31739,9.42,37244,0.99,5505,5579.459146
8.42,37179,9.29,43531,0.87,6352,7287.554802
8.41,53020,9.43,56806,1.02,3786,3708.900576
8.32,19008,9.26,24626,0.94,5618,5981.198102
8.72,49751,9.76,56713,1.04,6961,6690.196155
8.81,63966,9.53,68857,0.71,4891,6875.877202
8.85,40787,9.86,49100,1.01,8314,8259.625498
8.62,24289,9.57,30676,0.95,6387,6695.785209
8.4,35713,9.44,44445,1.03,8732,8451.131527
8.45,76454,9.53,82488,1.08,6035,5608.14132
8.82,64641,9.53,68791,0.71,4150,5864.245923
8.31,64015,9.45,67072,1.13,3056,2695.039424
8.35,66751,9.61,70868,1.26,4117,3255.653
8.4,29861,9.45,35536,1.05,5675,5391.440428
9.02,53429,9.76,58906,0.74,5477,7384.630049
8.47,26953,9.45,33218,0.98,6265,6384.279726
8.54,52493,9.57,56871,1.03,4378,4260.200381
8.89,102841,9.71,105633,0.82,2791,3407.786383
8.19,50334,9.28,58714,1.08,8380,7727.089529
8.41,32740,9.27,37913,0.86,5173,6040.822215
8.32,35186,9.17,41388,0.85,6203,7317.230661
8.54,38358,9.4,43875,0.86,5517,6423.749617
8.4,42024,9.31,48256,0.91,6233,6860.463721
8.45,57356,9.4,61868,0.96,4512,4714.282939
8.42,45047,9.04,49712,0.62,4665,7518.50719
8.25,38391,9.34,44434,1.09,6043,5528.241098
8.41,41277,9.52,45787,1.11,4511,4075.053107
8.63,124261,9.71,124533,1.08,272,252.1669654
8.37,76248,9.06,80699,0.69,4452,6416.096792
8.63,61240,9.62,65618,0.99,4377,4412.976364
8.31,44612,9.2,49584,0.89,4971,5584.038047
8.65,35733,9.18,41178,0.53,5445,10319.04481
8.46,46657,9.25,51026,0.78,4369,5582.443085
8.73,48617,9.51,57444,0.78,8827,11329.58673
8.31,19846,9.25,25589,0.94,5743,6128.022032
8.27,32907,9.41,40533,1.13,7627,6731.454499
8.43,77087,8.79,82264,0.36,5178,14210.78685
8.3,49634,9.3,57934,1,8299,8260.601218
8.39,40908,9.27,45529,0.88,4621,5252.063487
8.32,39363,8.99,45285,0.66,5923,8915.89555
8.23,66560,9.19,74511,0.96,7951,8307.855264
8.01,31972,9.03,36889,1.02,4918,4808.050065
8.38,42587,9.24,46934,0.87,4347,5022.572621
8.41,94928,9.42,98893,1.01,3965,3938.593678
8.52,48872,9.33,58102,0.81,9230,11420.91194
8.66,36193,9.87,41548,1.21,5355,4437.872997
8.53,35105,9.55,40122,1.03,5018,4872.317248
8.4,55317,9.28,61911,0.89,6594,7449.727171
8.53,58849,9.2,63147,0.67,4298,6404.972803
8.19,50061,9.33,56036,1.14,5975,5225.902488
8.29,43660,9.11,51615,0.83,7955,9628.965092
8.82,22627,9.96,29610,1.14,6983,6131.22713
8.44,59758,8.85,64075,0.41,4317,10483.561
8.41,42233,8.86,48552,0.45,6319,13972.65324
8.49,58035,9.31,63010,0.83,4975,6019.616519
8.44,92289,9.69,97270,1.25,4980,3990.94935
8.25,42064,9.24,47399,0.99,5334,5386.15144
8.63,38224,9.35,42487,0.71,4264,5966.480471
8.59,60266,9.58,70567,0.99,10301,10372.89074
8.38,37288,9.44,44940,1.06,7651,7228.849817
8.28,43162,9.45,47915,1.16,4753,4093.846251
8.29,37028,9.23,41886,0.94,4859,5149.134181
8.04,24117,9.08,29831,1.04,5713,5482.684462
8.53,24889,9.44,30573,0.91,5684,6269.408704
8.35,31090,9.54,36402,1.19,5312,4454.401608
8.67,56479,9.65,60938,0.99,4459,4526.263494
8.77,41484,9.43,45355,0.66,3871,5904.391162
8.93,24399,9.93,30839,1,6440,6467.389812
8.54,61139,9.11,65347,0.57,4209,7429.204103
8.5,36817,9.24,41643,0.73,4825,6573.038522
8.88,52224,9.76,58996,0.88,6771,7712.538964
8.54,52735,9.34,57294,0.79,4559,5759.831997
8.47,40942,9.48,44983,1.01,4041,3988.129455
8.29,34672,9.3,40018,1.01,5347,5282.30146
8.66,35427,9.65,41746,1,6319,6347.598656
8.41,40859,9.58,46292,1.17,5433,4637.079293
8.61,42922,9.7,49711,1.09,6789,6215.93076
8.56,95487,9.76,95942,1.2,455,380.2821309
8.36,43453,9.53,56710,1.17,13258,11324.83643
8.7,35235,9.69,45396,1,10161,10177.88008
8.32,40984,9.48,48507,1.15,7523,6518.075532
8.35,38362,9.48,43901,1.13,5540,4908.432328
8.3,35325,9.34,44504,1.04,9179,8789.534599
8.59,33704,9.25,38686,0.65,4983,7622.217353
8.54,59540,9.79,62969,1.25,3429,2747.653409
8.48,27395,9.29,32584,0.8,5189,6450.145654
8.5,30713,9.3,35965,0.8,5252,6590.255023
8.17,55073,9.07,60290,0.89,5218,5835.387642
8.47,67870,9.24,75933,0.77,8062,10510.73187
8.55,46999,9.47,51671,0.93,4672,5042.412258
8.73,32897,9.51,39836,0.78,6939,8909.788689
8.39,30713,9.01,37891,0.63,7178,11484.59983
8.56,52993,9.51,57953,0.95,4960,5207.650487
8.67,30748,9.57,36960,0.9,6212,6890.559506
8.15,26351,8.96,32415,0.81,6065,7472.659347
8.6,47098,9.67,52361,1.08,5263,4885.799064
8.17,72803,8.9,78548,0.74,5745,7778.968588
8.12,28034,9.21,33301,1.09,5267,4846.882211
8.56,107365,9.42,108655,0.86,1290,1503.967987
8.23,36447,9.26,41608,1.03,5161,4998.957023
8.57,45668,9.5,49316,0.93,3648,3919.819145
8.43,46530,9.38,54076,0.95,7546,7919.512778
8.21,46761,8.94,51149,0.73,4388,5980.933288
8.39,30343,9.16,35904,0.77,5561,7254.859954
8.32,71115,9.38,74720,1.06,3605,3394.067586
8.57,33071,9.54,39023,0.97,5952,6167.045624
8.41,58630,9.33,68628,0.92,9999,10835.65983
8.39,22615,9.02,27490,0.63,4875,7748.9497
8.55,65022,9.44,69651,0.89,4629,5215.335347
8.39,45178,9.2,52594,0.81,7416,9127.292129
8.47,32176,9.09,37184,0.62,5009,8030.013558
8.21,74053,9.11,77588,0.9,3535,3928.201285
8.31,58768,9.2,64280,0.9,5513,6132.902181
8.42,24288,9.41,32128,1,7840,7878.495506
8.42,23054,9.57,28717,1.15,5663,4929.557303
8.36,59750,9.31,65605,0.95,5855,6133.12543
8.48,50766,9.4,58285,0.92,7519,8163.056346
8.31,65005,9.33,70682,1.01,5677,5607.298762
8.36,34683,9.22,39758,0.86,5075,5892.168913
8.61,35247,9.24,39530,0.63,4283,6840.571416
8.55,39708,9.48,45348,0.94,5640,6024.566476
8.69,41273,9.68,49247,0.99,7975,8075.94688
8.42,39341,9.43,47021,1,7680,7647.768521
8.43,22614,9.33,28343,0.91,5729,6310.470245
8.11,32953,9.12,40272,1.01,7318,7263.918229
8.5,44457,9.6,49287,1.1,4830,4399.94899
8.39,55917,9.45,64061,1.06,8144,7695.436763
8.29,32931,9.12,37843,0.83,4912,5896.039329
8.68,34958,9.59,40460,0.91,5502,6038.900124
8.47,36856,9.58,43941,1.11,7085,6374.420009
8.25,36397,9.19,44538,0.95,8141,8602.184479
8.59,37694,9.36,44194,0.77,6500,8425.754375
8.3,57778,9.28,62989,0.98,5211,5337.224312
8.69,30998,9.4,35682,0.71,4683,6594.234004
8.64,37173,9.7,42183,1.06,5010,4721.37434
8.37,62146,9.29,67062,0.92,4916,5349.519636
8.64,56924,9.59,61013,0.95,4088,4293.011471
8.55,39364,9.44,45469,0.89,6105,6885.997444
8.86,44028,9.56,49223,0.7,5194,7377.796774
8.58,60004,9.42,64142,0.84,4138,4950.3371
8.63,39081,9.79,45951,1.16,6870,5931.080037
8.22,20711,9.07,26506,0.85,5796,6808.529521
8.42,37621,9.31,43076,0.88,5455,6186.701452
8.23,43169,9.19,50488,0.96,7319,7657.690087
8.19,56178,9.24,59996,1.05,3818,3619.20586
8.4,34799,9.3,40374,0.9,5575,6218.401431
8.49,26733,9.58,33135,1.09,6402,5871.536869
8.33,58680,9.17,64103,0.84,5423,6484.529168
8.78,37589,9.59,43255,0.81,5666,6970.840127
8.23,67121,9.17,71191,0.94,4070,4347.802738
8.64,45453,9.68,49927,1.04,4475,4288.774424
8.34,83112,9.53,85228,1.19,2116,1778.255014
8.23,39247,9.15,46729,0.92,7483,8157.274822
8.47,39351,9.27,44129,0.8,4778,5980.908376
8.41,33268,9.3,38407,0.89,5139,5798.424202
8.62,37269,9.54,44035,0.92,6766,7375.779276
8.71,25972,9.69,32022,0.97,6051,6217.415963
8.62,26435,9.71,32032,1.09,5597,5152.895804
8.71,33203,9.8,38064,1.09,4861,4452.89417
8.83,35762,9.83,41686,1,5924,5925.143997
8.56,44619,9.59,49656,1.04,5038,4862.818587
8.11,41498,8.96,45792,0.85,4294,5080.866034
8.69,82688,9.76,91670,1.07,8982,8369.13191
8.59,42131,9.63,48513,1.03,6382,6177.420767
8.75,60121,9.9,65601,1.15,5480,4765.576175
8.63,48779,9.52,54032,0.89,5253,5909.256164
8.77,44619,9.66,49960,0.88,5341,6063.23211
8.57,27919,9.57,33483,1,5563,5561.28119
8.8,53826,9.47,57467,0.67,3641,5456.617171
8.48,33351,9.49,40198,1.01,6847,6779.523576
8.65,48542,9.48,53915,0.83,5373,6456.812914
8.54,32387,9.1,37449,0.56,5062,9010.174149
8.33,87233,9.17,89546,0.84,2313,2762.4915
8.67,49039,9.7,55273,1.03,6234,6048.192602
8.49,25725,9.31,31469,0.81,5745,7051.832937
8.55,34167,9.66,40353,1.11,6186,5568.361199
8.56,133834,9.39,137336,0.83,3502,4216.934236
8.88,27820,9.88,33748,1,5928,5936.159653
8.64,34284,9.49,41946,0.85,7662,8963.647042
8.57,41144,9.37,47214,0.8,6070,7572.486429
8.34,60168,9.09,65483,0.76,5315,7033.525215
8.41,38480,9.2,43643,0.79,5163,6555.599523
8.63,37181,9.47,42807,0.84,5626,6709.425769
8.26,31784,9.34,37444,1.08,5660,5219.773958
8.67,29822,9.78,36837,1.1,7015,6363.800257
8.69,64198,9.6,72007,0.91,7809,8596.480955
8.57,62164,9.59,66673,1.01,4510,4446.643032
8.28,26244,9.32,33096,1.04,6852,6578.291876
8.25,44321,8.76,48644,0.51,4323,8489.148621
8.37,25598,9.39,30843,1.02,5246,5120.46906
8.56,49242,9.63,56206,1.07,6964,6495.117344
8.44,29544,9.26,35537,0.82,5993,7295.108406
7.99,20711,9.04,26981,1.05,6270,5979.064726
8.7,40405,9.55,47990,0.86,7584,8862.168893
8.46,48845,9.54,56267,1.08,7421,6888.895483
8.3,51843,9.06,55810,0.76,3967,5208.167964
8.29,64381,9.25,71357,0.95,6976,7316.342713
8.37,34989,9.11,39835,0.74,4847,6547.18347
8.92,19510,9.71,24855,0.79,5345,6773.82076
8.36,36406,8.57,40454,0.2,4048,20146.14671
8.85,42069,9.96,47998,1.12,5929,5315.67692
8.48,46402,9.4,52532,0.93,6130,6607.068857
8.52,70647,9.39,73942,0.87,3295,3778.688638
8.61,33861,9.39,38182,0.77,4320,5602.220173
8.28,37555,9.18,44463,0.9,6908,7641.166313
8.86,33562,9.92,38367,1.06,4805,4524.780355
8.4,26944,9.5,33574,1.1,6630,6038.547093
8.63,44931,9.51,55544,0.88,10613,12094.79187
8.19,32476,8.87,37144,0.68,4668,6870.476375
8.58,34526,9.3,40732,0.72,6206,8678.30091
8.36,42950,9.37,47600,1.01,4650,4583.658139
8.33,105543,9.44,105978,1.11,436,390.8641659
8.41,51991,9.27,56691,0.86,4700,5457.174573
8.11,57967,9.03,62443,0.92,4476,4840.494566
8.62,28009,9.6,35041,0.97,7032,7216.502308
8.29,51771,8.8,56421,0.51,4650,9173.233236
8.28,47610,8.91,52965,0.64,5355,8403.873742
8.48,28993,9.47,36831,0.99,7838,7907.072555
8.73,35474,9.77,42655,1.03,7181,6960.890663
8.53,46457,9.52,54275,0.98,7819,7956.968369
8.31,39162,9.34,45716,1.04,6554,6326.710207
8.45,37318,9.44,42129,0.99,4812,4864.739974
8.58,27572,9.68,34961,1.1,7389,6690.415428
8.43,67876,9.28,73997,0.85,6121,7166.258621
8.29,29757,8.94,35314,0.65,5557,8536.552576
8.36,40241,9.42,49651,1.06,9410,8908.142001
8.49,71048,9.31,82126,0.82,11079,13552.29274
8.23,26298,9.1,32015,0.87,5717,6538.295698
8.36,39607,9.45,47541,1.09,7934,7265.847714
8.57,35846,9.5,40718,0.94,4872,5196.73957
8.46,42024,9.57,49829,1.11,7805,7033.950535
8.37,28438,9.22,33680,0.85,5242,6159.840684
8.09,52434,8.87,56895,0.78,4461,5689.477392
8.15,124887,9.24,126352,1.09,1465,1345.872889
8.8,64626,9.68,72475,0.88,7849,8905.389746
8.61,86314,9.62,90415,1.01,4101,4074.798981
8.39,98311,9.49,103137,1.1,4827,4407.872508
8.35,35139,9.19,40578,0.84,5439,6512.308288
8.59,26706,9.4,32839,0.81,6133,7538.778107
8.62,32803,9.48,41179,0.86,8376,9771.362971
8.89,57287,9.86,69906,0.98,12619,12894.68641
8.52,80313,9.58,83008,1.07,2695,2530.089568
8.55,39201,9.15,44461,0.6,5260,8719.425597
8.66,30798,9.16,35308,0.5,4510,9003.884804
8.58,78338,9.34,81955,0.75,3617,4818.307737
8.46,38589,9.17,44751,0.71,6162,8692.593365
8.63,20561,9.52,25674,0.9,5113,5706.166868
8.65,30196,9.51,37740,0.86,7544,8766.212961
8.17,35465,9.28,41841,1.11,6376,5763.823981
8.56,35812,9.57,42618,1.02,6806,6701.983214
8.96,53146,10.11,58730,1.15,5584,4842.929713
8.44,42716,9.52,48892,1.08,6177,5714.105455
8.34,54986,9.16,63019,0.82,8033,9801.599925
8.07,90532,8.91,92458,0.84,1926,2285.964986
8.82,93322,9.88,95711,1.06,2389,2250.668005
8.41,45561,9.47,53843,1.06,8282,7798.752218
8.36,36645,9.18,41946,0.81,5301,6531.329598
8.7,50360,9.51,55658,0.81,5298,6537.824408
8.38,42063,9.54,48294,1.16,6231,5351.774387
7.96,33430,8.79,40294,0.83,6864,8305.086399
8.81,66225,9.8,71574,0.99,5349,5405.270933
8.75,90922,9.77,93751,1.01,2829,2795.856875
8.16,36566,8.84,43828,0.68,7263,10737.62846
8.69,44102,9.63,49491,0.94,5390,5743.164434
8.59,34740,9.46,39565,0.87,4825,5555.087801
8.5,36076,9.6,42885,1.1,6809,6162.789297
8.01,26699,8.69,31924,0.67,5225,7747.432167
8.41,104455,9.18,107303,0.78,2848,3673.485869
8.47,46948,9.67,52803,1.2,5855,4877.504998
8.43,49570,9.58,61390,1.15,11820,10288.74038
8.41,40312,9.52,44542,1.11,4229,3814.105019
8.57,31343,9.42,38132,0.85,6789,7995.665105
8.59,39285,9.41,44158,0.83,4873,5878.190672
8.18,37572,8.9,43146,0.72,5574,7735.327162
8.65,75770,9.42,81786,0.77,6017,7832.436685
8.56,35724,9.1,40539,0.54,4815,8913.153556
8.61,36028,9.32,44732,0.71,8703,12195.89582
8.14,46814,8.76,52040,0.62,5226,8446.184604
8.58,29861,9.59,37744,1.02,7883,7757.110371
8.77,31430,9.55,36376,0.78,4947,6343.154564
8.73,41147,9.9,47427,1.18,6280,5339.920825
8.43,76473,9.57,82881,1.14,6408,5602.018104
8.57,98115,9.32,103057,0.75,4941,6606.504197
8.83,45632,9.67,50584,0.84,4952,5906.424217
8.25,72383,8.93,76021,0.68,3637,5346.738447
8.6,33617,9.78,44210,1.18,10593,8978.156588
8.27,114544,9.28,119532,1.01,4988,4934.980241
8.58,31918,9.13,37360,0.55,5443,9809.363607
8.82,32614,9.78,37873,0.96,5259,5461.108692
8.25,32792,8.91,37359,0.66,4567,6954.67479
8.33,28793,8.94,34624,0.61,5831,9526.540298
8.28,37273,9.36,43235,1.08,5962,5519.117348
8.31,29722,9.07,35046,0.76,5324,7011.895995
8.76,48169,9.94,54002,1.18,5834,4925.974019
8.58,44622,9.64,49653,1.06,5031,4743.056946
8.65,44247,9.6,51349,0.95,7102,7497.419091
8.08,131439,8.87,134724,0.8,3285,4112.610681
8.37,40259,9.19,47511,0.82,7252,8854.703133
8.49,59658,9.42,65694,0.92,6036,6528.415114
8.61,40044,9.58,44497,0.97,4452,4587.656377
8.71,74333,9.78,78055,1.07,3721,3484.155107
8.4,59367,9.45,67787,1.05,8420,8001.429987
8.39,35694,9.38,41415,0.99,5721,5808.101772
8.6,36939,9.77,42564,1.17,5624,4807.369367
8.5,25304,9.3,29891,0.8,4587,5743.176016
8.45,26284,9.21,32093,0.76,5809,7658.248472
8.13,29663,8.99,38963,0.86,9300,10828.34472
8.61,45661,9.58,49836,0.97,4176,4303.441278
8.47,20523,9.48,25788,1.02,5265,5185.852337
8.7,24076,9.49,30482,0.79,6406,8133.047021
8.66,44538,9.57,51927,0.92,7389,8067.676868
8.47,39657,9.53,44994,1.06,5337,5026.105524
8.24,60304,9.12,74889,0.88,14585,16514.7489
8.14,34506,9.41,40599,1.27,6092,4786.111386
8.15,34528,9.01,42641,0.86,8112,9403.576948
7.84,51347,9,58374,1.16,7026,6075.413617
8.15,31123,9.28,38604,1.13,7481,6646.626536
8.55,38647,9.46,44897,0.9,6250,6913.852942
8.41,33264,9.25,39367,0.84,6103,7279.339285
8.98,34560,10.17,39773,1.19,5213,4388.815898
8.78,44257,9.54,53065,0.77,8808,11504.12324
8.84,29893,9.62,37479,0.78,7586,9714.060411
8.4,134363,9.61,133251,1.21,-1113,-921.7297144
8.46,42784,9.56,47926,1.1,5142,4665.838858
8.23,36664,9.26,44421,1.03,7757,7552.431921
8.43,54551,9.21,60409,0.78,5858,7483.537031
8.68,90723,9.93,91565,1.25,842,676.0015853
8.2,41048,8.62,45572,0.42,4524,10702.92372
8.43,27237,8.99,32926,0.56,5689,10212.57099
8.75,31126,9.65,36413,0.9,5288,5852.044514
8.35,57388,9.43,63387,1.08,5999,5579.711588
8.76,139118,9.6,139214,0.84,96,113.755432
8.47,84902,9.57,90188,1.11,5285,4778.732167
8.28,43771,9.39,53996,1.11,10225,9248.011733
8.71,28658,9.62,34572,0.91,5914,6506.542549
8.31,33440,8.99,40728,0.68,7289,10713.85088
8.64,46852,9.42,51754,0.78,4902,6264.647132
8.57,38103,9.55,42627,0.98,4523,4597.34557
8.41,42786,9.24,50386,0.83,7600,9117.129979
8.29,41271,9.29,46388,1,5117,5102.105332
8.43,32323,9.5,37747,1.06,5424,5093.055397
8.44,76286,9.4,84118,0.96,7832,8198.801004
8.6,70410,9.52,74540,0.92,4129,4494.130428
8.61,37669,9.46,43439,0.85,5769,6778.730812
8.72,40069,9.29,45710,0.57,5642,9842.671715
8.06,73383,9.3,75750,1.24,2368,1912.701097
8.59,25318,9.61,31174,1.02,5855,5725.256848
8.6,30554,9.49,38395,0.89,7841,8794.377003
8.5,45744,9.42,49848,0.92,4104,4457.652503
8.58,53106,9.72,58418,1.14,5312,4669.401614
8.65,22530,9.8,28703,1.15,6173,5353.365164
8.3,34465,9.55,39310,1.25,4845,3885.036314
8.16,23709,9.16,29368,1,5659,5655.180174
8.9,27594,9.84,34366,0.94,6772,7180.910788
8.51,55341,9.59,59072,1.08,3731,3439.301604
8.63,53858,9.35,57775,0.72,3917,5462.602269
8.47,30634,9.38,37221,0.91,6587,7214.141805
8.22,52212,9.37,58114,1.15,5901,5145.175114
8.42,32098,9.45,41265,1.03,9167,8918.554442
8.51,29828,9.5,35245,0.99,5416,5462.358708
8.53,26675,9.4,31672,0.87,4997,5723.879836
8.35,127748,9.12,131656,0.77,3908,5072.010582
8.42,35450,9.36,41222,0.95,5772,6098.459464
8.48,32362,9.23,37516,0.75,5154,6853.64619
8.67,43027,9.59,48684,0.91,5657,6185.938206
8.44,51869,9.45,59000,1.01,7131,7039.462802
8.09,34133,8.72,38988,0.62,4855,7792.597503
8.66,33709,9.78,40063,1.12,6354,5655.743495
8.74,71574,9.56,76784,0.83,5210,6293.403116
8.63,41815,9.51,46507,0.89,4692,5299.337777
8.24,33565,8.89,37772,0.65,4207,6434.1755
8.12,47848,9.34,52082,1.22,4234,3479.233327
8.36,62682,9.54,69149,1.19,6467,5452.166145
8.4,30351,9.32,35324,0.93,4974,5353.0198
8.39,33089,9.37,42114,0.98,9025,9238.741861
8.02,33001,9.21,40768,1.19,7768,6530.424671
7.91,26092,8.92,31364,1.02,5272,5174.188964
8.3,38309,9.3,43617,0.99,5309,5335.859645
9.09,28476,9.93,33885,0.84,5409,6415.495655
8.64,26735,9.38,32810,0.74,6075,8218.322933
8.06,34228,8.87,42521,0.81,8293,10226.27818
8.72,43413,9.49,47543,0.78,4131,5306.390758
8.3,106781,9.31,108792,1.01,2011,1997.000396
8.62,44755,9.8,54150,1.18,9395,7934.740711
8.78,46460,9.82,52919,1.04,6459,6209.912711
8.08,27094,8.9,31783,0.82,4689,5709.763438
8.23,53794,9.07,58720,0.84,4927,5881.680584
8.55,64811,9.34,69136,0.79,4325,5461.175633
8.44,30106,9.28,35593,0.84,5488,6565.393461
8.1,37157,9.34,43812,1.23,6655,5395.99407
8.75,37126,9.71,42017,0.96,4891,5093.495459
8.95,49022,10,54577,1.05,5556,5269.793354
8.09,68321,8.97,76726,0.87,8404,9621.043366
8.6,32279,9.61,38300,1.01,6021,5971.709326
8.44,41007,9.16,47389,0.72,6382,8909.039971
8.54,37462,9.58,44757,1.04,7295,7037.811066
8.2,63624,8.88,67548,0.68,3925,5730.957213
8.38,59968,9.56,63467,1.18,3499,2953.753029
8.62,44660,9.6,52561,0.98,7901,8033.461211
8.46,23753,9.35,31012,0.89,7258,8169.254574
8.97,54496,10.03,57818,1.06,3322,3144.707837
8.35,28830,9.3,33929,0.95,5099,5386.854069
8.13,33815,9.19,42516,1.06,8702,8233.021512
8.49,55079,9.52,64634,1.03,9555,9279.362401
8.63,30503,9.25,35998,0.62,5495,8912.91154
8.46,41045,9.27,48960,0.81,7915,9731.59611
8.64,65296,9.82,69990,1.18,4693,3968.953996
8.28,26471,9.18,31380,0.91,4909,5423.156458
8.85,38170,9.61,43247,0.76,5077,6712.799727
8.71,34881,9.43,39393,0.72,4512,6269.020511
8.34,64521,9.25,73028,0.91,8507,9366.592594
8.62,22076,9.71,27569,1.09,5493,5029.46394
8.76,24576,9.75,30729,0.99,6153,6231.479344
8.45,108996,9.65,111310,1.19,2314,1936.73208
8.6,38493,9.65,43826,1.04,5333,5118.713519
8.36,27872,9.42,34178,1.06,6305,5961.579212
8.52,52874,9.24,57769,0.72,4895,6793.166811
8.45,68433,9.53,71481,1.08,3048,2825.970981
8.38,43611,9.17,48033,0.79,4423,5626.628102
8.17,29606,9.14,35611,0.96,6005,6245.576725
8.19,61085,9.21,66297,1.02,5212,5115.911243
8.54,99920,9.4,105288,0.86,5368,6215.474327
8.48,45930,9.42,51110,0.94,5180,5532.163825
8.39,43784,9.24,50009,0.84,6224,7366.508965
8.72,55045,9.6,59179,0.89,4134,4662.447241
8.65,40977,9.52,48834,0.87,7857,9023.423399
8.54,28354,9.22,33549,0.68,5195,7602.798706
8.79,33525,10.04,38247,1.24,4722,3798.671293
8.34,51934,9.2,55637,0.85,3703,4346.837825
8.57,67916,9.43,72092,0.87,4177,4827.43214
8.14,41033,9.02,46883,0.89,5851,6595.423045
8.45,30116,9.44,37169,1,7052,7064.57983
8.67,22901,9.8,29256,1.13,6355,5634.384283
8.55,38168,9.5,43409,0.95,5241,5500.968598
8.03,38071,9.3,47647,1.28,9576,7496.945143
8.73,67175,9.82,74256,1.09,7081,6512.945449
8.41,32554,9.37,37432,0.96,4878,5072.779444
8.31,103514,9.42,105367,1.11,1853,1668.847116
8.66,52289,9.51,57547,0.85,5257,6175.658703
8.31,32642,8.69,37105,0.38,4463,11682.01077
8.59,49890,9.34,54325,0.75,4436,5897.267609
8.46,32518,9.32,37741,0.86,5223,6098.496352
8.59,24717,9.71,30685,1.12,5968,5349.452399
8.42,106524,9.39,111575,0.97,5052,5212.8466
8.52,45239,9.66,50102,1.14,4864,4276.852299
8.06,57615,9.12,61071,1.06,3457,3265.233679
8.31,54959,9.26,60274,0.95,5314,5617.261135
8.68,36888,9.56,45281,0.88,8392,9514.189861
8.53,56085,9.61,63558,1.08,7473,6901.53409
8,57401,9.04,62840,1.04,5439,5236.96668
8.41,30551,9.56,35856,1.15,5305,4626.249885
8.64,22688,9.73,28714,1.09,6026,5521.810133
8.04,31163,8.73,35617,0.69,4454,6452.425053
8.65,56096,9.77,61477,1.12,5381,4824.575184
8.81,30193,9.96,37200,1.15,7007,6101.400742
7.97,30016,9.15,39472,1.18,9455,7986.583712
8.33,39625,9.27,44321,0.95,4696,4967.5487
8.36,64748,9.27,72716,0.91,7968,8790.038729
8.63,96799,9.37,103400,0.74,6600,8893.351406
8.79,43591,9.83,50773,1.04,7182,6908.785084
8.75,21512,9.82,27285,1.07,5774,5414.1521
8.77,53597,9.74,61011,0.98,7414,7570.365984
8.61,22463,9.38,29276,0.76,6813,8920.753483
7.85,58323,8.92,68363,1.08,10039,9324.664415
8.35,32589,8.94,37461,0.59,4872,8292.587314
8.26,41996,9.6,48434,1.34,6438,4816.574952
8.7,31545,9.4,38511,0.7,6966,9882.164826
8.51,39834,9.27,44271,0.77,4437,5772.338664
8.4,37172,9.1,43030,0.7,5857,8374.35108
8.43,59132,9.02,63401,0.59,4268,7217.81462
8.6,75718,9.46,78562,0.85,2844,3328.696489
8.39,43792,9.29,47983,0.89,4191,4692.910031
8.07,53474,9.21,57635,1.14,4161,3653.426193
8.28,66554,9.18,74314,0.9,7760,8608.854365
8.32,62158,9.15,69503,0.83,7345,8854.790146
8.55,33550,9.61,39407,1.06,5857,5512.538635
8.38,64069,9.18,71927,0.8,7859,9849.452945
8.43,46810,9.13,52176,0.7,5366,7634.582524
8.55,36251,9.43,44006,0.88,7755,8846.834584
8.76,67946,9.54,71992,0.77,4046,5220.941694
8.55,38309,9.45,44533,0.9,6224,6939.812649
8.45,51094,9.28,55096,0.83,4002,4836.11799
8.75,32404,9.43,37333,0.68,4929,7228.001705
8.43,25082,9.27,30489,0.84,5406,6419.194497
8.49,43720,9.16,48197,0.67,4477,6664.554647
8.62,32999,9.75,41741,1.13,8742,7715.621075
8.54,33715,9.31,38192,0.77,4477,5821.823661
8.75,30069,9.67,35182,0.92,5113,5535.074661
8.72,54271,9.67,59332,0.95,5061,5315.735527
8.08,51159,9.06,56776,0.98,5617,5730.954344
8.56,25921,9.38,31280,0.82,5359,6570.438147
8.29,41848,9.11,49899,0.83,8051,9719.878336
8.36,48583,9.51,53818,1.15,5235,4565.401982
8.5,33431,9.42,41224,0.91,7793,8539.370341
8.62,40697,9.59,46760,0.98,6063,6192.107214
8.4,48116,9.61,54198,1.22,6083,5001.691742
8.5,46277,9.64,58929,1.14,12652,11120.93422
8.2,46050,9.03,51139,0.83,5089,6157.624074
8.43,68268,9.08,73574,0.66,5307,8095.252972
8.3,67087,9.43,72363,1.13,5276,4659.1341
8.68,55086,9.48,60346,0.8,5260,6607.738306
8.41,33505,9.47,39566,1.06,6061,5731.456383
8.46,25886,9.08,31473,0.62,5587,8981.265107
8.49,22867,9.21,28553,0.72,5686,7951.826626
8.22,31615,9.12,40286,0.89,8671,9710.163185
8.83,60424,9.52,64228,0.69,3804,5481.985679
8.97,43778,9.97,53345,1,9567,9537.073903
8.66,55599,9.56,59004,0.9,3406,3804.313616
8.17,79584,9.28,87311,1.11,7726,6938.127083
8.8,36343,9.64,41128,0.84,4784,5719.497552
8.75,39618,9.55,45695,0.8,6077,7552.862185
8.58,50005,9.78,55195,1.21,5190,4303.443219
8.38,50827,9.22,59773,0.83,8946,10719.88323
8.36,36845,9.36,43685,1,6840,6843.670349
8.04,79709,9,84111,0.96,4402,4587.164818
8.62,26125,9.45,31609,0.84,5485,6550.143926
8.37,40114,9.2,44388,0.83,4275,5143.658577
8.46,35365,9.34,40611,0.88,5246,5935.578951
8.59,38847,9.22,43976,0.62,5129,8238.887429
8.28,71200,9.09,75929,0.81,4728,5828.304438
8.32,27858,9.44,33309,1.12,5450,4874.285922
8.63,34293,9.45,38894,0.82,4600,5577.777728
8.44,46294,9.15,52383,0.72,6090,8468.139258
8.31,25411,9.48,31092,1.17,5681,4840.958003
8.48,44443,9.28,51329,0.8,6887,8595.71922
8.37,31345,9.3,38196,0.93,6851,7371.04121
8.72,37483,9.61,42826,0.89,5343,5971.717577
8.36,65686,9.22,73475,0.87,7789,8972.929287
8.32,30134,9.17,37534,0.85,7400,8671.140591
8.54,27614,9.12,32582,0.58,4968,8567.68272
8.55,48187,9.47,53653,0.92,5466,5918.96729
8.36,28629,9.15,34134,0.79,5505,7004.890231
8.72,44368,9.93,49013,1.21,4645,3834.724767
9,98830,10.01,101834,1.01,3004,2968.906165
8.41,31815,9.05,36755,0.63,4939,7804.067749
8.42,33622,9.4,40086,0.98,6464,6604.514858
8.8,46855,9.89,50892,1.09,4037,3712.201851
8.62,42613,9.28,47084,0.66,4470,6772.9014
8.62,30515,9.63,35037,1.01,4523,4475.002288
8.48,49755,9.83,57891,1.35,8136,6041.623502
8.25,31518,8.99,37561,0.74,6043,8171.978556
8.38,91006,9.49,95569,1.11,4563,4101.244184
8.33,28020,9.25,35084,0.92,7064,7652.469512
8.87,44438,9.44,50706,0.57,6268,11002.08824
8.47,21425,9.31,27206,0.85,5781,6831.035203
8.51,32103,9.32,38490,0.82,6387,7820.91768
8.92,67541,10,70270,1.08,2728,2522.429833
8.31,36290,9.15,43635,0.83,7344,8819.664678
8.59,53425,9.4,58692,0.82,5267,6448.177876
8.55,46162,9.69,51063,1.14,4901,4290.019199
8.77,33739,9.23,38574,0.46,4835,10613.28582
8.4,31841,8.91,36989,0.51,5148,10166.60665
8.9,87169,9.72,91729,0.81,4560,5603.268372
8.68,40335,9.46,47079,0.78,6744,8694.250946
8.61,30809,9.67,37163,1.07,6354,5942.373378
8.6,33170,9.41,37538,0.81,4368,5390.075944
8.51,52285,9.54,58810,1.03,6525,6350.306776
8.53,24233,9.35,30111,0.82,5878,7152.367722
8.31,47525,9.03,54864,0.72,7339,10258.57328
8.61,47629,9.77,56110,1.16,8481,7284.054081
8.55,29521,9.39,36573,0.84,7051,8411.333554
8.39,32191,9.38,39684,0.99,7492,7601.082304
8.48,35820,9.32,45822,0.84,10002,11921.03859
8.71,45751,9.81,50934,1.1,5183,4697.839937
8.45,61764,9.44,68465,0.99,6700,6786.284207
8.66,52547,9.51,57227,0.85,4680,5516.263401
8.5,45980,9.57,51531,1.07,5551,5178.728301
8.51,33395,9.22,38985,0.71,5590,7923.314236
8.47,63885,9.5,71711,1.03,7826,7576.477922
8.54,27941,9.58,37246,1.05,9305,8877.393798
8.7,53043,9.75,58225,1.05,5181,4928.109883
8.59,35644,9.48,43948,0.88,8305,9384.316694
8.79,72791,10.05,74163,1.26,1372,1090.151335
8.27,25307,9.18,31844,0.91,6537,7191.29915
8.3,39742,9.47,46768,1.17,7025,6018.863437
8.8,49524,9.68,54918,0.89,5394,6070.41907
8.53,56311,9.63,63192,1.1,6881,6230.361847
8.24,32384,9.09,40746,0.85,8362,9824.779838
8.9,57249,9.6,63939,0.7,6690,9572.834855
8.55,46645,9.73,51356,1.18,4711,3976.661393
8.12,18727,8.83,23548,0.71,4821,6743.238902
8.5,45660,9.44,54227,0.95,8567,9058.705928
8.28,33914,8.99,39844,0.71,5931,8330.480385
8.36,42820,9.34,47028,0.97,4207,4317.413601
8.16,54827,9.05,61210,0.89,6383,7166.198213
8.33,41311,9.13,47719,0.81,6409,7952.647671
8.55,41774,9.72,48693,1.17,6919,5920.709041
8.55,52588,8.83,56978,0.28,4390,15613.9264
8.87,69902,9.74,75688,0.87,5787,6656.351552
9,24478,9.84,30308,0.84,5830,6954.636309
8.64,68911,9.49,72463,0.85,3552,4188.662226
8.79,38109,9.42,43766,0.63,5656,9016.922806
8.52,40592,9.53,48708,1,8116,8076.446325
8.32,32174,8.99,37103,0.68,4929,7291.659285
8.47,41874,9.66,47554,1.19,5681,4766.851309
8.99,29596,9.91,36065,0.92,6469,7001.912587
8.42,35151,9.34,43208,0.92,8057,8736.340119
8.47,38682,9.36,46422,0.9,7740,8641.623349
8.24,25276,9.48,33536,1.24,8260,6662.13285
8.36,65853,9.34,70957,0.98,5104,5210.324816
8.66,52206,9.52,56913,0.86,4707,5480.132936
8.46,51987,9.26,55494,0.8,3507,4386.868263
8.52,30548,9.24,36734,0.72,6186,8595.785746
8.51,43537,9.79,51769,1.28,8232,6444.212005
8.68,92414,9.44,96893,0.76,4479,5887.973229
8.52,64826,9.42,69474,0.9,4648,5139.546087
8.23,44755,8.87,52017,0.64,7262,11318.78577
8.71,40676,9.36,46348,0.64,5672,8819.46488
8.47,24918,9.42,32804,0.95,7887,8343.707042
8.73,80945,9.56,84420,0.83,3474,4187.565717
8.21,41376,9.18,50895,0.98,9519,9754.49494
